id_traitement,patient_uid,id_source,id_patient_src,date_traitement,type_traitement,compte_rendu
1,25,A,A001,2022-04-03,chirurgie,"Patient stade I, traitement chirurgie."
2,25,A,A002,2022-04-22,chimiotherapie,"RCP du 22/04/2022 : stade I, decision chimiotherapie."
3,14,A,A003,2024-11-30,chimiotherapie,"Compte rendu : stadeIII confirme, chimiotherapie programmee."
4,14,A,A004,2024-05-21,chirurgie,Cancer gastrique de stade I. Prise en charge par chirurgie.
5,39,A,A005,2024-12-13,hormonotherapie,Cancer de la prostate de stade III. Prise en charge par hormonotherapie.
6,39,A,A006,2024-07-25,chirurgie,Cancer ORL de stade IV. Prise en charge par chirurgie.
7,44,A,A007,2021-12-01,hormonotherapie,"Bilan : de la prostate, classe stade II. Debut hormonotherapie."
8,44,A,A008,2022-10-09,radiotherapie,"RCP du 09/10/2022 : stade I, decision radiotherapie."
9,8,A,A009,2022-06-27,immunotherapie,"Compte rendu : stadeIV confirme, immunotherapie programmee."
10,8,A,A010,2023-11-10,radiotherapie,"Compte rendu : stadeIII confirme, radiotherapie programmee."
11,35,A,A011,2023-12-20,immunotherapie,stade IV - immunotherapie. Bonne tolerance.
12,35,A,A012,2023-06-10,chimiotherapie,"Diagnostic : tumeur de l'ovaire, Stade III. chimiotherapie en cours."
13,48,A,A013,2021-11-10,chirurgie,"Bilan : de la prostate, classe stade I. Debut chirurgie."
14,48,A,A014,2023-01-14,chimiotherapie,Cancer pulmonaire de stade IV. Prise en charge par chimiotherapie.
15,29,A,A015,2021-09-20,chimiotherapie,"RCP du 20/09/2021 : stade IV, decision chimiotherapie."
16,31,A,A016,2024-10-07,chirurgie,"Bilan : du pancreas, classe stade II. Debut chirurgie."
17,31,A,A017,2024-04-20,hormonotherapie,"Bilan : de la prostate, classe stade I. Debut hormonotherapie."
18,31,A,A018,2022-07-25,hormonotherapie,Patiente presentant une lesion de la prostate de stade I.
19,22,A,A019,2021-07-13,immunotherapie,Cancer de la prostate de stade IV. Prise en charge par immunotherapie.
20,33,A,A020,2022-01-28,chimiotherapie,Cancer de la prostate de stade III. Prise en charge par chimiotherapie.
21,30,A,A021,2021-07-11,chimiotherapie,"Compte rendu : stadeI confirme, chimiotherapie programmee."
22,30,A,A022,2021-01-05,radiotherapie,Patiente presentant une lesion du pancreas de stade I.
23,26,A,A023,2024-04-01,radiotherapie,"Diagnostic : tumeur du sein, Stade III. radiotherapie en cours."
24,41,A,A024,2024-05-03,radiotherapie,"Patient stade I, traitement radiotherapie."
25,10,A,A025,2022-06-19,hormonotherapie,stade IV - hormonotherapie. Bonne tolerance.
26,10,A,A026,2021-01-20,chirurgie,stade IV - chirurgie. Bonne tolerance.
27,15,A,A027,2023-01-27,chimiotherapie,"Patient stade III, traitement chimiotherapie."
28,37,A,A028,2022-06-26,chimiotherapie,"Bilan : colorectal, classe stade III. Debut chimiotherapie."
29,37,A,A029,2022-05-30,chirurgie,"Patient stade II, traitement chirurgie."
30,23,A,A030,2023-06-24,chirurgie,"Diagnostic : tumeur colorectal, Stade II. chirurgie en cours."
31,23,A,A031,2023-05-31,chirurgie,"Bilan : colorectal, classe stade I. Debut chirurgie."
32,21,A,A032,2024-02-21,chimiotherapie,"Diagnostic : tumeur gastrique, Stade II. chimiotherapie en cours."
33,11,A,A033,2022-01-03,immunotherapie,"RCP du 03/01/2022 : stade II, decision immunotherapie."
34,11,A,A034,2023-02-23,radiotherapie,stade III - radiotherapie. Bonne tolerance.
35,11,A,A035,2024-09-13,radiotherapie,"Compte rendu : stadeII confirme, radiotherapie programmee."
36,43,A,A036,2022-06-19,chimiotherapie,"Bilan : pulmonaire, classe stade III. Debut chimiotherapie."
37,43,A,A037,2023-02-28,hormonotherapie,"RCP du 28/02/2023 : stade IV, decision hormonotherapie."
38,16,A,A038,2024-09-20,chirurgie,"Compte rendu : stadeI confirme, chirurgie programmee."
39,16,A,A039,2022-01-28,hormonotherapie,stade III - hormonotherapie. Bonne tolerance.
40,34,A,A040,2022-03-07,chirurgie,"RCP du 07/03/2022 : stade I, decision chirurgie."
41,34,A,A041,2022-08-05,radiotherapie,stade IV - radiotherapie. Bonne tolerance.
42,24,A,A042,2021-04-05,radiotherapie,"RCP du 05/04/2021 : stade II, decision radiotherapie."
43,47,A,A043,2022-05-15,immunotherapie,"Compte rendu : stadeIV confirme, immunotherapie programmee."
44,47,A,A044,2021-04-13,radiotherapie,"Bilan : ORL, classe stade II. Debut radiotherapie."
45,45,A,A045,2024-01-28,hormonotherapie,stade IV - hormonotherapie. Bonne tolerance.
46,45,A,A046,2023-06-20,radiotherapie,"Diagnostic : tumeur de l'ovaire, Stade IV. radiotherapie en cours."
47,45,A,A047,2024-11-22,radiotherapie,"Patient stade II, traitement radiotherapie."
48,36,A,A048,1985-03-10,chirurgie,"Patient stade I, traitement chirurgie."
49,28,A,A049,2023-11-22,radiotherapie,
50,25,B,B1001,2024-03-25,immunotherapie,"Compte rendu : stadeIV confirme, immunotherapie programmee."
51,14,B,B1002,2022-07-13,immunotherapie,"Compte rendu : stadeII confirme, immunotherapie programmee."
52,14,B,B1003,2024-06-28,immunotherapie,Cancer colorectal de stade II. Prise en charge par immunotherapie.
53,39,B,B1004,2021-04-13,immunotherapie,"Compte rendu : stadeII confirme, immunotherapie programmee."
54,1,B,B1005,2021-06-17,immunotherapie,"RCP du 17/06/2021 : stade III, decision immunotherapie."
55,44,B,B1006,2022-02-13,chimiotherapie,Cancer de la prostate de stade I. Prise en charge par chimiotherapie.
56,44,B,B1007,2023-01-26,immunotherapie,"Diagnostic : tumeur de l'ovaire, Stade II. immunotherapie en cours."
57,8,B,B1008,2022-10-01,hormonotherapie,"RCP du 01/10/2022 : stade I, decision hormonotherapie."
58,8,B,B1009,2021-07-28,hormonotherapie,"Patient stade I, traitement hormonotherapie."
59,8,B,B1010,2024-09-16,hormonotherapie,Patiente presentant une lesion du pancreas de stade III.
60,35,B,B1011,2023-06-11,immunotherapie,Patiente presentant une lesion colorectal de stade III.
61,48,B,B1012,2021-06-27,chirurgie,"Compte rendu : stadeIII confirme, chirurgie programmee."
62,48,B,B1013,2022-10-28,chimiotherapie,stade III - chimiotherapie. Bonne tolerance.
63,29,B,B1014,2023-04-13,chimiotherapie,Patiente presentant une lesion de la prostate de stade II.
64,29,B,B1015,2022-08-26,chimiotherapie,Patiente presentant une lesion pulmonaire de stade IV.
65,31,B,B1016,2022-12-22,immunotherapie,"RCP du 22/12/2022 : stade III, decision immunotherapie."
66,31,B,B1017,2022-01-28,chimiotherapie,stade III - chimiotherapie. Bonne tolerance.
67,22,B,B1018,2023-01-10,chirurgie,"Patient stade II, traitement chirurgie."
68,22,B,B1019,2021-07-30,radiotherapie,"Diagnostic : tumeur ORL, Stade III. radiotherapie en cours."
69,2,B,B1020,2021-08-22,chirurgie,"Patient stade I, traitement chirurgie."
70,33,B,B1021,2021-08-31,chimiotherapie,"Compte rendu : stadeIII confirme, chimiotherapie programmee."
71,30,B,B1022,2022-09-18,chirurgie,"RCP du 18/09/2022 : stade IV, decision chirurgie."
72,3,B,B1023,2021-11-18,chirurgie,Patiente presentant une lesion pulmonaire de stade II.
73,13,B,B1024,2024-12-10,chirurgie,"RCP du 10/12/2024 : stade II, decision chirurgie."
74,18,B,B1025,2021-10-19,radiotherapie,stade II - radiotherapie. Bonne tolerance.
75,18,B,B1026,2024-11-11,chimiotherapie,Patiente presentant une lesion ORL de stade IV.
76,12,B,B1027,2024-05-21,immunotherapie,"Patient stade I, traitement immunotherapie."
77,27,B,B1028,2021-12-25,hormonotherapie,"Compte rendu : stadeIII confirme, hormonotherapie programmee."
78,4,B,B1029,2022-12-14,chimiotherapie,"Compte rendu : stadeIV confirme, chimiotherapie programmee."
79,27,B,B1030,2024-02-01,chirurgie,"Compte rendu : stadeIV confirme, chirurgie programmee."
80,20,B,B1031,2023-04-27,hormonotherapie,Patiente presentant une lesion ORL de stade I.
81,20,B,B1032,2024-01-30,radiotherapie,"Patient stade I, traitement radiotherapie."
82,20,B,B1033,2024-02-03,radiotherapie,Cancer de l'ovaire de stade II. Prise en charge par radiotherapie.
83,46,B,B1034,2022-08-21,radiotherapie,"RCP du 21/08/2022 : stade I, decision radiotherapie."
84,46,B,B1035,2023-02-25,hormonotherapie,Cancer colorectal de stade IV. Prise en charge par hormonotherapie.
85,9,B,B1036,2021-01-06,chirurgie,Patiente presentant une lesion de l'ovaire de stade IV.
86,40,B,B1037,2022-12-08,hormonotherapie,"RCP du 08/12/2022 : stade IV, decision hormonotherapie."
87,40,B,B1038,2022-04-24,hormonotherapie,"Compte rendu : stadeII confirme, hormonotherapie programmee."
88,40,B,B1039,2021-03-17,radiotherapie,Patiente presentant une lesion ORL de stade IV.
89,5,B,B1040,2023-04-20,chimiotherapie,stade IV - chimiotherapie. Bonne tolerance.
90,49,B,B1041,2024-10-13,chimiotherapie,Patiente presentant une lesion gastrique de stade IV.
91,49,B,B1042,2022-04-26,hormonotherapie,"Compte rendu : stadeI confirme, hormonotherapie programmee."
92,17,B,B1043,2024-11-22,immunotherapie,"Bilan : colorectal, classe stade I. Debut immunotherapie."
93,17,B,B1044,2022-05-16,immunotherapie,Cancer colorectal de stade III. Prise en charge par immunotherapie.
94,17,B,B1045,2023-10-17,hormonotherapie,stade IV - hormonotherapie. Bonne tolerance.
95,32,B,B1046,2021-06-01,chirurgie,"Compte rendu : stadeIV confirme, chirurgie programmee."
96,6,B,B1047,2022-02-12,immunotherapie,"Bilan : de l'ovaire, classe stade III. Debut immunotherapie."
97,38,B,B1048,2022-07-17,chimiotherapie,Patiente presentant une lesion du pancreas de stade III.
98,38,B,B1049,2022-03-25,radiotherapie,"Diagnostic : tumeur gastrique, Stade III. radiotherapie en cours."
99,7,B,B1050,2021-03-10,chirurgie,"Compte rendu : stadeI confirme, chirurgie programmee."
100,19,B,B1051,2024-01-10,radiotherapie,"Diagnostic : tumeur colorectal, Stade II. radiotherapie en cours."
101,42,B,B1052,2027-08-01,immunotherapie,Cancer pulmonaire de stade III. Prise en charge par immunotherapie.
102,0,B,B1053,2023-07-19,chimiotherapie,stade IV - chimiotherapie. Surveillance rapprochee.
