patient_id,last_name,first_name,middle_name,birth_date,sexe_code,treatment_date,treatment_type,report
B1001,DUPONT,MARTIN,Louis,1958-03-12 00:00:00,1,2023-11-03,chirurgie,Patiente presentant une lesion pulmonaire de stade IV.
B1002,DUPONT,MARTIN,Louis,1958-03-12,1,2023-12-05,immunotherapie,stade II - immunotherapie. Bonne tolerance.
B1003,BERNARD,SOPHIE,,1965-07-22,2,2023-07-13,chimiotherapie,"Bilan : de l'ovaire, classe stade II. Debut chimiotherapie."
B1004,PETIT,JEAN,Pierre,1949-11-05,1,2022-11-29,chirurgie,"RCP du 29/11/2022 : stade II, decision chirurgie."
B1005,MOREAU,NATHALIE,,1972-01-30,2,2024-11-15,hormonotherapie,"Compte rendu : stadeIV confirme, hormonotherapie programmee."
B1006,MOREAU,NATHALIE,,1972-01-30,2,2023-08-28,chirurgie,Patiente presentant une lesion gastrique de stade II.
B1007,Benali,AHMED,,1960-09-14,1,2022-01-30,radiotherapie,Patiente presentant une lesion pulmonaire de stade III.
B1008,GIRARD,ISABELLE,,,2,2022-08-30,chimiotherapie,stade III - chimiotherapie. Bonne tolerance.
B1009,ROUX,PHILIPPE,,1948-12-19,1,2021-01-26,immunotherapie,Patiente presentant une lesion pulmonaire de stade II.
B1010,ROUX,PHILIPPE,,1948-12-19,1,2023-10-05,chimiotherapie,stade I - chimiotherapie. Bonne tolerance.
B1011,HADDAD,fatima,,1968-04-08,2,2024-05-26,chimiotherapie,stade II - chimiotherapie. Bonne tolerance.
B1012,Fontaine,LAURENT,Andre,1961-02-27 00:00:00,1,2024-06-02,chirurgie,"RCP du 02/06/2024 : stade IV, decision chirurgie."
B1013,FONTAINE,LAURENT,,1961-02-27,,2021-11-17,hormonotherapie,Patiente presentant une lesion pulmonaire de stade II.
B1014,FONTAINE,LAURENT,Andre,1961-02-27,1,2024-07-04,radiotherapie,stade I - radiotherapie. Bonne tolerance.
B1015,LEFEVRE,CHRISTINE,,1953-08-16,2,2022-09-22,chimiotherapie,stade I - chimiotherapie. Bonne tolerance.
B1016,LEFEVRE,CHRISTINE,,1953-08-16 00:00:00,2,2023-06-16,chirurgie,Cancer ORL de stade IV. Prise en charge par chirurgie.
B1017,LEFEVRE,CHRISTINE,,1953-08-16,2,2024-10-08,hormonotherapie,Patiente presentant une lesion du sein de stade II.
B1018,GARNIER,MICHEL,,1946-06-11,1,2024-07-24,hormonotherapie,Cancer du pancreas de stade II. Prise en charge par hormonotherapie.
B1019,Garnier,MICHEL,,1946-06-11,1,2024-11-21,chirurgie,Cancer du pancreas de stade II. Prise en charge par chirurgie.
B1020,garnier,Michel,,1946-06-11,1,2021-08-26,chirurgie,Patiente presentant une lesion gastrique de stade III.
B1021,FAURE,SYLVIE,,1970-10-02,2,2024-06-29,hormonotherapie,Patiente presentant une lesion gastrique de stade II.
B1022,FAURE,SYLVIE,Anne,1970-10-02,2,2024-07-14,chimiotherapie,Cancer du sein de stade IV. Prise en charge par chimiotherapie.
B1023,gauthier,BERNARD,,1947-11-11,1,2022-08-21,radiotherapie,"Diagnostic : tumeur ORL, Stade I. radiotherapie en cours."
B1024,gauthier,BERNARD,,1947-11-11,1,2021-05-23,radiotherapie,"Patient stade IV, traitement radiotherapie."
B1025,Roussel,CELINE,,1967-01-23,2,2021-11-01,hormonotherapie,"RCP du 01/11/2021 : stade III, decision hormonotherapie."
B1026,BARBIER,vincent,,1954-05-29,1,2022-04-24,hormonotherapie,"Compte rendu : stadeII confirme, hormonotherapie programmee."
B1027,BARBIER,Vincent,,1954-05-29,1,2021-03-17,radiotherapie,Cancer ORL de stade IV. Prise en charge par radiotherapie.
B1028,Barbier,VINCENT,,1954-05-29,1,2023-04-20,chimiotherapie,"Compte rendu : stadeIV confirme, chimiotherapie programmee."
B1029,RENARD,Emilie,,1979-09-10,2,2022-10-11,hormonotherapie,"RCP du 11/10/2022 : stade III, decision hormonotherapie."
B1030,RENARD,EMILIE,,1979-09-10,2,2023-06-08,radiotherapie,stade III - radiotherapie. Bonne tolerance.
B1031,CHERIF,Karim,,1964-04-02,1,2022-08-24,chirurgie,"Diagnostic : tumeur du sein, Stade I. chirurgie en cours."
B1032,cherif,KARIM,,1964-04-02,1,2024-06-02,radiotherapie,Patiente presentant une lesion pulmonaire de stade II.
B1033,Cherif,KARIM,,1964-04-02,,2024-09-27,immunotherapie,Patiente presentant une lesion de l'ovaire de stade III.
B1034,NOEL,PATRICIA,,1952-12-08 00:00:00,2,2023-07-25,immunotherapie,stade III - immunotherapie. Bonne tolerance.
B1035,noel,patricia,,1952-12-08,,2022-07-17,chimiotherapie,stade III - chimiotherapie. Bonne tolerance.
B1036,Noel,Patricia,,1952-12-08,2,2022-03-25,hormonotherapie,Cancer gastrique de stade II. Prise en charge par hormonotherapie.
B1037,AUBERT,Alain,,1945-06-20,1,2021-03-10,chirurgie,"Diagnostic : tumeur ORL, Stade I. chirurgie en cours."
B1038,aubert,alain,,1945-06-20,1,2023-12-24,radiotherapie,stade II - radiotherapie. Bonne tolerance.
B1039,Aubert,alain,,1945-06-20,1,2021-06-04,chimiotherapie,"Bilan : ORL, classe stade III. Debut chimiotherapie."
B1040,LOPEZ,JULIE,,1982-02-14,2,2024-01-04,chimiotherapie,"Bilan : de l'ovaire, classe stade IV. Debut chimiotherapie."
B1041,COLIN,DENIS,,1956-08-26,1,2024-06-22,immunotherapie,stade II - immunotherapie. Bonne tolerance.
B1042,vidal,SABRINA,,1976-10-05,2,2021-03-18,radiotherapie,Patiente presentant une lesion du sein de stade I.
B1043,VIDAL,SABRINA,,1976-10-05 00:00:00,2,2024-04-17,hormonotherapie,"Compte rendu : stadeIII confirme, hormonotherapie programmee."
B1044,BRUN,Francois,,1950-03-31,1,2022-03-21,chimiotherapie,"Bilan : gastrique, classe stade III. Debut chimiotherapie."
B1045,BRUN,FRANCOIS,,1950-03-31,1,2022-01-24,immunotherapie,"Patient stade I, traitement immunotherapie."
B1046,BRUN,FRANCOIS,,1950-03-31,1,2021-09-15,chirurgie,"RCP du 15/09/2021 : stade I, decision chirurgie."
B1047,GAILLARD,MONIQUE,,1942-07-13 00:00:00,2,2022-07-22,hormonotherapie,"Patient stade II, traitement hormonotherapie."
B1048,SLIMANI,Hakim,,1973-11-19 00:00:00,1,2021-02-02,radiotherapie,Patiente presentant une lesion gastrique de stade III.
B1049,Rey,chantal,,,2,2023-07-15,hormonotherapie,Patiente presentant une lesion pulmonaire de stade III.
B1050,REY,chantal,Rose,1959-05-07 00:00:00,2,2023-04-03,chimiotherapie,"Diagnostic : tumeur ORL, Stade I. chimiotherapie en cours."
B1051,MARCHAND,PAUL,,1955-04-18,1,2027-08-01,immunotherapie,Cancer pulmonaire de stade III. Prise en charge par immunotherapie.
B1052,,INCONNU,,1960-02-02,2,2023-07-19,chimiotherapie,stade IV - chimiotherapie. Surveillance rapprochee.
